cohort_month,activity_month,customers_active,cohort_revenue,average_revenue_per_active_customer
2023-01-01,2023-01-01,67,65387.41,975.93
2023-01-01,2023-02-01,68,94943.6,1396.23
2023-01-01,2023-03-01,48,69763.8,1453.41
2023-01-01,2023-04-01,48,71892.4,1497.76
2023-01-01,2023-05-01,47,61741.63,1313.65
2023-01-01,2023-06-01,37,43923.78,1187.13
2023-01-01,2023-07-01,38,82660.49,2175.28
2023-01-01,2023-08-01,38,57521.09,1513.71
2023-01-01,2023-09-01,35,37119.55,1060.56
2023-01-01,2023-10-01,30,27706.4,923.55
2023-01-01,2023-11-01,33,38158.15,1156.31
2023-01-01,2023-12-01,29,33103.42,1141.5
2023-01-01,2024-01-01,32,41968.63,1311.52
2023-01-01,2024-02-01,25,17002.71,680.11
2023-01-01,2024-03-01,24,30160.61,1256.69
2023-01-01,2024-04-01,27,42193.68,1562.73
2023-01-01,2024-05-01,24,29087.69,1211.99
2023-01-01,2024-06-01,21,22540.42,1073.35
2023-01-01,2024-07-01,17,9772.06,574.83
2023-01-01,2024-08-01,17,15718.16,924.6
2023-01-01,2024-09-01,18,14114.88,784.16
2023-01-01,2024-10-01,18,16582.5,921.25
2023-01-01,2024-11-01,14,22526.27,1609.02
2023-01-01,2024-12-01,13,8426.38,648.18
2023-01-01,2025-01-01,13,9020.9,693.92
2023-01-01,2025-02-01,12,9265.69,772.14
2023-01-01,2025-03-01,14,15700.14,1121.44
2023-01-01,2025-04-01,10,13613.73,1361.37
2023-01-01,2025-05-01,14,14743.95,1053.14
2023-01-01,2025-06-01,12,14691.21,1224.27
2023-01-01,2025-07-01,9,6445.27,716.14
2023-01-01,2025-08-01,9,12322.29,1369.14
2023-01-01,2025-09-01,9,6513.95,723.77
2023-01-01,2025-10-01,10,7071.67,707.17
2023-01-01,2025-11-01,6,5853.48,975.58
2023-01-01,2025-12-01,8,15083.39,1885.42
2023-02-01,2023-02-01,57,65511.11,1149.32
2023-02-01,2023-03-01,55,66742.22,1213.49
2023-02-01,2023-04-01,58,42360.36,730.35
2023-02-01,2023-05-01,56,86224.28,1539.72
2023-02-01,2023-06-01,52,70715.46,1359.91
2023-02-01,2023-07-01,40,81885.76,2047.14
2023-02-01,2023-08-01,45,61397.52,1364.39
2023-02-01,2023-09-01,33,74418.13,2255.09
2023-02-01,2023-10-01,33,49370.18,1496.07
2023-02-01,2023-11-01,31,80193.36,2586.88
2023-02-01,2023-12-01,28,53073.19,1895.47
2023-02-01,2024-01-01,29,34410.91,1186.58
2023-02-01,2024-02-01,26,42696.99,1642.19
2023-02-01,2024-03-01,24,31723.58,1321.82
2023-02-01,2024-04-01,24,51071.88,2128.0
2023-02-01,2024-05-01,28,60188.13,2149.58
2023-02-01,2024-06-01,16,26038.49,1627.41
2023-02-01,2024-07-01,23,36169.67,1572.59
2023-02-01,2024-08-01,21,33816.02,1610.29
2023-02-01,2024-09-01,12,40562.92,3380.24
2023-02-01,2024-10-01,17,34411.18,2024.19
2023-02-01,2024-11-01,16,30384.9,1899.06
2023-02-01,2024-12-01,17,21833.71,1284.34
2023-02-01,2025-01-01,15,29568.79,1971.25
2023-02-01,2025-02-01,13,7019.24,539.94
2023-02-01,2025-03-01,10,25843.13,2584.31
2023-02-01,2025-04-01,14,22386.73,1599.05
2023-02-01,2025-05-01,11,10529.78,957.25
2023-02-01,2025-06-01,10,17161.3,1716.13
2023-02-01,2025-07-01,14,18444.35,1317.45
2023-02-01,2025-08-01,9,22033.34,2448.15
2023-02-01,2025-09-01,9,7427.27,825.25
2023-02-01,2025-10-01,10,15084.81,1508.48
2023-02-01,2025-11-01,8,7325.7,915.71
2023-02-01,2025-12-01,6,3703.66,617.28
2023-03-01,2023-03-01,90,96766.25,1075.18
2023-03-01,2023-04-01,85,119269.99,1403.18
2023-03-01,2023-05-01,77,79650.19,1034.42
2023-03-01,2023-06-01,69,88079.86,1276.52
2023-03-01,2023-07-01,67,98207.4,1465.78
2023-03-01,2023-08-01,67,74052.4,1105.26
2023-03-01,2023-09-01,56,66410.47,1185.9
2023-03-01,2023-10-01,53,95687.6,1805.43
2023-03-01,2023-11-01,42,48460.45,1153.82
2023-03-01,2023-12-01,36,40925.39,1136.82
2023-03-01,2024-01-01,45,39510.88,878.02
2023-03-01,2024-02-01,32,60227.92,1882.12
2023-03-01,2024-03-01,43,54918.83,1277.18
2023-03-01,2024-04-01,36,52696.94,1463.8
2023-03-01,2024-05-01,31,47865.83,1544.06
2023-03-01,2024-06-01,24,20513.85,854.74
2023-03-01,2024-07-01,27,59274.02,2195.33
2023-03-01,2024-08-01,23,40503.28,1761.01
2023-03-01,2024-09-01,17,31505.85,1853.29
2023-03-01,2024-10-01,23,15499.32,673.88
2023-03-01,2024-11-01,16,29251.51,1828.22
2023-03-01,2024-12-01,17,22921.81,1348.34
2023-03-01,2025-01-01,15,26581.23,1772.08
2023-03-01,2025-02-01,19,51419.63,2706.3
2023-03-01,2025-03-01,19,21215.59,1116.61
2023-03-01,2025-04-01,17,32715.5,1924.44
2023-03-01,2025-05-01,18,31145.65,1730.31
2023-03-01,2025-06-01,13,18305.72,1408.13
2023-03-01,2025-07-01,12,13352.63,1112.72
2023-03-01,2025-08-01,15,19903.68,1326.91
2023-03-01,2025-09-01,16,16694.44,1043.4
2023-03-01,2025-10-01,14,22393.84,1599.56
2023-03-01,2025-11-01,13,18129.28,1394.56
2023-03-01,2025-12-01,14,17589.67,1256.4
2023-04-01,2023-04-01,74,122192.6,1651.25
2023-04-01,2023-05-01,78,96125.0,1232.37
2023-04-01,2023-06-01,77,110735.48,1438.12
2023-04-01,2023-07-01,67,76847.77,1146.98
2023-04-01,2023-08-01,59,59153.84,1002.61
2023-04-01,2023-09-01,62,87984.71,1419.11
2023-04-01,2023-10-01,55,95536.06,1737.02
2023-04-01,2023-11-01,45,66729.78,1482.88
2023-04-01,2023-12-01,49,69351.95,1415.35
2023-04-01,2024-01-01,34,33450.34,983.83
2023-04-01,2024-02-01,43,68717.89,1598.09
2023-04-01,2024-03-01,27,18374.27,680.53
2023-04-01,2024-04-01,31,27634.72,891.44
2023-04-01,2024-05-01,24,13888.16,578.67
2023-04-01,2024-06-01,25,43619.23,1744.77
2023-04-01,2024-07-01,24,28423.17,1184.3
2023-04-01,2024-08-01,25,49534.0,1981.36
2023-04-01,2024-09-01,21,36553.26,1740.63
2023-04-01,2024-10-01,14,17524.75,1251.77
2023-04-01,2024-11-01,20,24669.87,1233.49
2023-04-01,2024-12-01,17,21568.86,1268.76
2023-04-01,2025-01-01,15,24389.93,1626.0
2023-04-01,2025-02-01,12,12692.92,1057.74
2023-04-01,2025-03-01,16,53342.85,3333.93
2023-04-01,2025-04-01,12,62417.52,5201.46
2023-04-01,2025-05-01,12,17932.06,1494.34
2023-04-01,2025-06-01,9,14155.04,1572.78
2023-04-01,2025-07-01,14,68881.06,4920.08
2023-04-01,2025-08-01,12,32606.84,2717.24
2023-04-01,2025-09-01,7,16546.14,2363.73
2023-04-01,2025-10-01,9,12062.51,1340.28
2023-04-01,2025-11-01,11,20106.45,1827.86
2023-04-01,2025-12-01,10,15922.85,1592.28
2023-05-01,2023-05-01,71,93446.85,1316.15
2023-05-01,2023-06-01,83,104117.03,1254.42
2023-05-01,2023-07-01,82,51829.11,632.06
2023-05-01,2023-08-01,55,73010.75,1327.47
2023-05-01,2023-09-01,53,52584.77,992.17
2023-05-01,2023-10-01,52,69299.75,1332.69
2023-05-01,2023-11-01,51,106943.98,2096.94
2023-05-01,2023-12-01,48,92887.52,1935.16
2023-05-01,2024-01-01,39,84304.98,2161.67
2023-05-01,2024-02-01,36,66563.21,1848.98
2023-05-01,2024-03-01,33,37602.97,1139.48
2023-05-01,2024-04-01,30,57120.6,1904.02
2023-05-01,2024-05-01,28,78211.87,2793.28
2023-05-01,2024-06-01,29,45175.91,1557.79
2023-05-01,2024-07-01,26,22293.27,857.43
2023-05-01,2024-08-01,17,13650.91,802.99
2023-05-01,2024-09-01,19,67329.09,3543.64
2023-05-01,2024-10-01,21,52601.7,2504.84
2023-05-01,2024-11-01,20,32195.04,1609.75
2023-05-01,2024-12-01,18,38537.92,2141.0
2023-05-01,2025-01-01,11,3452.94,313.9
2023-05-01,2025-02-01,14,16831.29,1202.24
2023-05-01,2025-03-01,16,52402.08,3275.13
2023-05-01,2025-04-01,15,12670.45,844.7
2023-05-01,2025-05-01,16,16685.52,1042.84
2023-05-01,2025-06-01,13,24943.96,1918.77
2023-05-01,2025-07-01,13,35279.38,2713.8
2023-05-01,2025-08-01,12,19036.43,1586.37
2023-05-01,2025-09-01,12,10475.03,872.92
2023-05-01,2025-10-01,14,20515.11,1465.36
2023-05-01,2025-11-01,8,11052.39,1381.55
2023-05-01,2025-12-01,16,22736.78,1421.05
2023-06-01,2023-06-01,78,106844.73,1369.8
2023-06-01,2023-07-01,68,50951.4,749.29
2023-06-01,2023-08-01,58,57510.05,991.55
2023-06-01,2023-09-01,62,89186.92,1438.5
2023-06-01,2023-10-01,45,76430.75,1698.46
2023-06-01,2023-11-01,50,91799.13,1835.98
2023-06-01,2023-12-01,53,108673.43,2050.44
2023-06-01,2024-01-01,36,45917.11,1275.48
2023-06-01,2024-02-01,41,47790.27,1165.62
2023-06-01,2024-03-01,37,63750.57,1722.99
2023-06-01,2024-04-01,37,65212.49,1762.5
2023-06-01,2024-05-01,36,65117.8,1808.83
2023-06-01,2024-06-01,31,73546.09,2372.45
2023-06-01,2024-07-01,35,22930.71,655.16
2023-06-01,2024-08-01,25,33646.96,1345.88
2023-06-01,2024-09-01,21,36116.79,1719.85
2023-06-01,2024-10-01,20,25178.71,1258.94
2023-06-01,2024-11-01,18,29914.66,1661.93
2023-06-01,2024-12-01,24,51818.22,2159.09
2023-06-01,2025-01-01,20,26466.32,1323.32
2023-06-01,2025-02-01,18,28518.83,1584.38
2023-06-01,2025-03-01,13,20376.89,1567.45
2023-06-01,2025-04-01,12,11772.66,981.06
2023-06-01,2025-05-01,17,32042.32,1884.84
2023-06-01,2025-06-01,11,23795.92,2163.27
2023-06-01,2025-07-01,9,18399.25,2044.36
2023-06-01,2025-08-01,13,26629.75,2048.44
2023-06-01,2025-09-01,10,18161.01,1816.1
2023-06-01,2025-10-01,9,18157.28,2017.48
2023-06-01,2025-11-01,8,12221.57,1527.7
2023-06-01,2025-12-01,7,4701.99,671.71
2023-07-01,2023-07-01,69,80562.15,1167.57
2023-07-01,2023-08-01,70,46615.56,665.94
2023-07-01,2023-09-01,78,83712.95,1073.24
2023-07-01,2023-10-01,66,77643.24,1176.41
2023-07-01,2023-11-01,61,80426.49,1318.47
2023-07-01,2023-12-01,52,86716.33,1667.62
2023-07-01,2024-01-01,45,47676.4,1059.48
2023-07-01,2024-02-01,37,39615.0,1070.68
2023-07-01,2024-03-01,41,64846.81,1581.63
2023-07-01,2024-04-01,41,44589.18,1087.54
2023-07-01,2024-05-01,31,19787.67,638.31
2023-07-01,2024-06-01,26,41505.41,1596.36
2023-07-01,2024-07-01,32,42904.27,1340.76
2023-07-01,2024-08-01,30,23418.3,780.61
2023-07-01,2024-09-01,27,80778.21,2991.79
2023-07-01,2024-10-01,23,55070.95,2394.39
2023-07-01,2024-11-01,21,21471.76,1022.46
2023-07-01,2024-12-01,30,91912.25,3063.74
2023-07-01,2025-01-01,23,48986.75,2129.86
2023-07-01,2025-02-01,23,28293.95,1230.17
2023-07-01,2025-03-01,21,24588.9,1170.9
2023-07-01,2025-04-01,22,27590.12,1254.1
2023-07-01,2025-05-01,18,31451.07,1747.28
2023-07-01,2025-06-01,20,25887.08,1294.35
2023-07-01,2025-07-01,15,37133.42,2475.56
2023-07-01,2025-08-01,15,14025.82,935.05
2023-07-01,2025-09-01,15,21883.87,1458.92
2023-07-01,2025-10-01,14,7985.37,570.38
2023-07-01,2025-11-01,11,32229.57,2929.96
2023-07-01,2025-12-01,12,62883.75,5240.31
2023-08-01,2023-08-01,84,94049.73,1119.64
2023-08-01,2023-09-01,72,91496.73,1270.79
2023-08-01,2023-10-01,61,71793.61,1176.94
2023-08-01,2023-11-01,67,119166.06,1778.6
2023-08-01,2023-12-01,59,96116.14,1629.09
2023-08-01,2024-01-01,56,58790.17,1049.82
2023-08-01,2024-02-01,60,100821.3,1680.36
2023-08-01,2024-03-01,60,71363.62,1189.39
2023-08-01,2024-04-01,50,51644.67,1032.89
2023-08-01,2024-05-01,49,45108.53,920.58
2023-08-01,2024-06-01,37,40307.68,1089.4
2023-08-01,2024-07-01,23,23591.4,1025.71
2023-08-01,2024-08-01,34,38706.27,1138.42
2023-08-01,2024-09-01,36,41496.96,1152.69
2023-08-01,2024-10-01,29,27614.76,952.23
2023-08-01,2024-11-01,28,30036.6,1072.74
2023-08-01,2024-12-01,22,28814.05,1309.73
2023-08-01,2025-01-01,17,23906.06,1406.24
2023-08-01,2025-02-01,24,22886.17,953.59
2023-08-01,2025-03-01,27,35683.62,1321.62
2023-08-01,2025-04-01,23,20220.69,879.16
2023-08-01,2025-05-01,25,47887.01,1915.48
2023-08-01,2025-06-01,21,20993.49,999.69
2023-08-01,2025-07-01,15,15171.56,1011.44
2023-08-01,2025-08-01,13,22441.33,1726.26
2023-08-01,2025-09-01,18,19276.6,1070.92
2023-08-01,2025-10-01,15,28250.23,1883.35
2023-08-01,2025-11-01,17,21024.87,1236.76
2023-08-01,2025-12-01,13,32317.23,2485.94
2023-09-01,2023-09-01,75,102052.94,1360.71
2023-09-01,2023-10-01,70,93438.97,1334.84
2023-09-01,2023-11-01,63,82144.95,1303.89
2023-09-01,2023-12-01,54,97049.73,1797.22
2023-09-01,2024-01-01,46,46196.93,1004.28
2023-09-01,2024-02-01,48,62979.48,1312.07
2023-09-01,2024-03-01,40,69348.38,1733.71
2023-09-01,2024-04-01,46,57138.01,1242.13
2023-09-01,2024-05-01,47,75597.55,1608.46
2023-09-01,2024-06-01,45,72546.28,1612.14
2023-09-01,2024-07-01,31,29886.06,964.07
2023-09-01,2024-08-01,34,55533.86,1633.35
2023-09-01,2024-09-01,32,34777.48,1086.8
2023-09-01,2024-10-01,40,89819.26,2245.48
2023-09-01,2024-11-01,31,56371.18,1818.43
2023-09-01,2024-12-01,32,43052.29,1345.38
2023-09-01,2025-01-01,24,14545.83,606.08
2023-09-01,2025-02-01,27,28520.71,1056.32
2023-09-01,2025-03-01,28,23700.92,846.46
2023-09-01,2025-04-01,20,35605.04,1780.25
2023-09-01,2025-05-01,17,38010.72,2235.92
2023-09-01,2025-06-01,18,33323.25,1851.29
2023-09-01,2025-07-01,23,19499.42,847.8
2023-09-01,2025-08-01,17,21755.88,1279.76
2023-09-01,2025-09-01,15,22220.04,1481.34
2023-09-01,2025-10-01,13,26792.12,2060.93
2023-09-01,2025-11-01,11,26405.21,2400.47
2023-09-01,2025-12-01,19,37923.21,1995.96
2023-10-01,2023-10-01,85,127029.39,1494.46
2023-10-01,2023-11-01,95,103502.57,1089.5
2023-10-01,2023-12-01,72,115117.33,1598.85
2023-10-01,2024-01-01,62,94968.02,1531.74
2023-10-01,2024-02-01,74,121095.13,1636.42
2023-10-01,2024-03-01,64,88255.54,1378.99
2023-10-01,2024-04-01,59,78070.88,1323.24
2023-10-01,2024-05-01,53,99657.35,1880.33
2023-10-01,2024-06-01,59,98684.8,1672.62
2023-10-01,2024-07-01,46,63687.12,1384.5
2023-10-01,2024-08-01,48,66863.02,1392.98
2023-10-01,2024-09-01,38,84191.01,2215.55
2023-10-01,2024-10-01,35,83422.95,2383.51
2023-10-01,2024-11-01,36,54232.79,1506.47
2023-10-01,2024-12-01,38,76651.9,2017.16
2023-10-01,2025-01-01,33,88567.89,2683.88
2023-10-01,2025-02-01,31,62791.02,2025.52
2023-10-01,2025-03-01,34,39564.87,1163.67
2023-10-01,2025-04-01,19,35212.86,1853.31
2023-10-01,2025-05-01,25,48426.76,1937.07
2023-10-01,2025-06-01,27,55284.14,2047.56
2023-10-01,2025-07-01,21,62189.2,2961.39
2023-10-01,2025-08-01,21,12511.54,595.79
2023-10-01,2025-09-01,18,23211.54,1289.53
2023-10-01,2025-10-01,15,21092.74,1406.18
2023-10-01,2025-11-01,17,65202.87,3835.46
2023-10-01,2025-12-01,13,23425.39,1801.95
2023-11-01,2023-11-01,94,105557.02,1122.95
2023-11-01,2023-12-01,92,98587.74,1071.61
2023-11-01,2024-01-01,78,145710.86,1868.09
2023-11-01,2024-02-01,64,125645.87,1963.22
2023-11-01,2024-03-01,62,91761.47,1480.02
2023-11-01,2024-04-01,51,58604.55,1149.11
2023-11-01,2024-05-01,49,106114.95,2165.61
2023-11-01,2024-06-01,51,56570.67,1109.23
2023-11-01,2024-07-01,51,60712.95,1190.45
2023-11-01,2024-08-01,41,46396.4,1131.62
2023-11-01,2024-09-01,48,69325.68,1444.28
2023-11-01,2024-10-01,43,56359.02,1310.67
2023-11-01,2024-11-01,40,56239.68,1405.99
2023-11-01,2024-12-01,40,57929.78,1448.24
2023-11-01,2025-01-01,32,47125.07,1472.66
2023-11-01,2025-02-01,35,39136.08,1118.17
2023-11-01,2025-03-01,31,35906.86,1158.29
2023-11-01,2025-04-01,27,37400.2,1385.19
2023-11-01,2025-05-01,30,56874.69,1895.82
2023-11-01,2025-06-01,26,27551.11,1059.66
2023-11-01,2025-07-01,26,56969.66,2191.14
2023-11-01,2025-08-01,22,30638.82,1392.67
2023-11-01,2025-09-01,20,24047.29,1202.36
2023-11-01,2025-10-01,22,30363.91,1380.18
2023-11-01,2025-11-01,12,19882.59,1656.88
2023-11-01,2025-12-01,24,22025.22,917.72
2023-12-01,2023-12-01,99,127136.19,1284.2
2023-12-01,2024-01-01,106,96938.72,914.52
2023-12-01,2024-02-01,87,137962.59,1585.78
2023-12-01,2024-03-01,89,95926.55,1077.83
2023-12-01,2024-04-01,79,95897.39,1213.89
2023-12-01,2024-05-01,56,48878.92,872.84
2023-12-01,2024-06-01,65,62054.19,954.68
2023-12-01,2024-07-01,55,157900.77,2870.92
2023-12-01,2024-08-01,58,111277.16,1918.57
2023-12-01,2024-09-01,50,51545.38,1030.91
2023-12-01,2024-10-01,50,44964.32,899.29
2023-12-01,2024-11-01,45,48632.59,1080.72
2023-12-01,2024-12-01,38,43512.74,1145.07
2023-12-01,2025-01-01,40,43426.3,1085.66
2023-12-01,2025-02-01,30,28195.65,939.86
2023-12-01,2025-03-01,27,45613.06,1689.37
2023-12-01,2025-04-01,32,45570.53,1424.08
2023-12-01,2025-05-01,32,49999.95,1562.5
2023-12-01,2025-06-01,27,21734.55,804.98
2023-12-01,2025-07-01,21,33070.53,1574.79
2023-12-01,2025-08-01,29,25365.83,874.68
2023-12-01,2025-09-01,25,61715.01,2468.6
2023-12-01,2025-10-01,21,20967.46,998.45
2023-12-01,2025-11-01,18,9465.77,525.88
2023-12-01,2025-12-01,20,45993.51,2299.68
2024-01-01,2024-01-01,106,99365.07,937.41
2024-01-01,2024-02-01,97,85335.03,879.74
2024-01-01,2024-03-01,88,79056.52,898.37
2024-01-01,2024-04-01,101,128635.44,1273.62
2024-01-01,2024-05-01,83,69362.73,835.7
2024-01-01,2024-06-01,69,79269.67,1148.84
2024-01-01,2024-07-01,57,62526.44,1096.96
2024-01-01,2024-08-01,48,57077.94,1189.12
2024-01-01,2024-09-01,54,75955.0,1406.57
2024-01-01,2024-10-01,57,74221.66,1302.13
2024-01-01,2024-11-01,43,55556.84,1292.02
2024-01-01,2024-12-01,38,46840.36,1232.64
2024-01-01,2025-01-01,33,46851.59,1419.75
2024-01-01,2025-02-01,41,53930.62,1315.38
2024-01-01,2025-03-01,41,58942.13,1437.61
2024-01-01,2025-04-01,30,51758.8,1725.29
2024-01-01,2025-05-01,27,31417.0,1163.59
2024-01-01,2025-06-01,23,38060.6,1654.81
2024-01-01,2025-07-01,24,33205.24,1383.55
2024-01-01,2025-08-01,30,38414.98,1280.5
2024-01-01,2025-09-01,22,25460.64,1157.3
2024-01-01,2025-10-01,20,21309.99,1065.5
2024-01-01,2025-11-01,20,22400.41,1120.02
2024-01-01,2025-12-01,24,22962.61,956.78
2024-02-01,2024-02-01,100,196074.9,1960.75
2024-02-01,2024-03-01,112,162971.82,1455.11
2024-02-01,2024-04-01,96,112405.85,1170.89
2024-02-01,2024-05-01,102,138357.34,1356.44
2024-02-01,2024-06-01,81,100856.97,1245.15
2024-02-01,2024-07-01,85,187800.49,2209.42
2024-02-01,2024-08-01,72,97403.12,1352.82
2024-02-01,2024-09-01,64,81172.85,1268.33
2024-02-01,2024-10-01,53,99406.03,1875.59
2024-02-01,2024-11-01,67,78706.19,1174.72
2024-02-01,2024-12-01,51,77671.09,1522.96
2024-02-01,2025-01-01,48,75914.52,1581.55
2024-02-01,2025-02-01,44,81274.88,1847.16
2024-02-01,2025-03-01,47,66429.79,1413.4
2024-02-01,2025-04-01,35,37493.29,1071.24
2024-02-01,2025-05-01,33,32239.63,976.96
2024-02-01,2025-06-01,41,33708.19,822.15
2024-02-01,2025-07-01,32,28139.0,879.34
2024-02-01,2025-08-01,32,79148.22,2473.38
2024-02-01,2025-09-01,31,31926.51,1029.89
2024-02-01,2025-10-01,29,28376.52,978.5
2024-02-01,2025-11-01,26,39254.53,1509.79
2024-02-01,2025-12-01,31,20970.07,676.45
2024-03-01,2024-03-01,148,165808.32,1120.33
2024-03-01,2024-04-01,123,129241.84,1050.75
2024-03-01,2024-05-01,110,137457.1,1249.61
2024-03-01,2024-06-01,102,122510.05,1201.08
2024-03-01,2024-07-01,99,161470.4,1631.01
2024-03-01,2024-08-01,87,126813.04,1457.62
2024-03-01,2024-09-01,90,136445.59,1516.06
2024-03-01,2024-10-01,88,108333.76,1231.07
2024-03-01,2024-11-01,67,94453.59,1409.76
2024-03-01,2024-12-01,72,90682.89,1259.48
2024-03-01,2025-01-01,58,69566.33,1199.42
2024-03-01,2025-02-01,59,59396.39,1006.72
2024-03-01,2025-03-01,60,63402.68,1056.71
2024-03-01,2025-04-01,53,66233.35,1249.69
2024-03-01,2025-05-01,58,101780.61,1754.84
2024-03-01,2025-06-01,43,64895.7,1509.2
2024-03-01,2025-07-01,52,103820.54,1996.55
2024-03-01,2025-08-01,34,33871.58,996.22
2024-03-01,2025-09-01,45,115882.62,2575.17
2024-03-01,2025-10-01,33,62121.33,1882.46
2024-03-01,2025-11-01,27,31468.4,1165.5
2024-03-01,2025-12-01,34,76755.92,2257.53
2024-04-01,2024-04-01,132,110781.57,839.25
2024-04-01,2024-05-01,131,181371.71,1384.52
2024-04-01,2024-06-01,104,150764.58,1449.66
2024-04-01,2024-07-01,97,122246.79,1260.28
2024-04-01,2024-08-01,99,140341.43,1417.59
2024-04-01,2024-09-01,108,96901.1,897.23
2024-04-01,2024-10-01,79,71283.31,902.32
2024-04-01,2024-11-01,89,137055.61,1539.95
2024-04-01,2024-12-01,75,134599.4,1794.66
2024-04-01,2025-01-01,82,157963.73,1926.39
2024-04-01,2025-02-01,66,105341.67,1596.09
2024-04-01,2025-03-01,69,93649.35,1357.24
2024-04-01,2025-04-01,64,115066.01,1797.91
2024-04-01,2025-05-01,62,89164.27,1438.13
2024-04-01,2025-06-01,49,52940.66,1080.42
2024-04-01,2025-07-01,50,57015.87,1140.32
2024-04-01,2025-08-01,45,58058.56,1290.19
2024-04-01,2025-09-01,53,64765.86,1222.0
2024-04-01,2025-10-01,46,45894.67,997.71
2024-04-01,2025-11-01,50,49123.44,982.47
2024-04-01,2025-12-01,52,70265.56,1351.26
2024-05-01,2024-05-01,135,212980.05,1577.63
2024-05-01,2024-06-01,115,200646.84,1744.76
2024-05-01,2024-07-01,114,115557.02,1013.66
2024-05-01,2024-08-01,113,197610.54,1748.77
2024-05-01,2024-09-01,98,161152.79,1644.42
2024-05-01,2024-10-01,95,115760.56,1218.53
2024-05-01,2024-11-01,81,86254.36,1064.87
2024-05-01,2024-12-01,79,93477.44,1183.26
2024-05-01,2025-01-01,71,130201.75,1833.83
2024-05-01,2025-02-01,78,134253.12,1721.19
2024-05-01,2025-03-01,60,106687.28,1778.12
2024-05-01,2025-04-01,60,86694.31,1444.91
2024-05-01,2025-05-01,58,66439.63,1145.51
2024-05-01,2025-06-01,59,55269.59,936.77
2024-05-01,2025-07-01,45,67091.85,1490.93
2024-05-01,2025-08-01,48,48733.18,1015.27
2024-05-01,2025-09-01,35,34966.41,999.04
2024-05-01,2025-10-01,38,50078.46,1317.85
2024-05-01,2025-11-01,34,42687.3,1255.51
2024-05-01,2025-12-01,35,69746.23,1992.75
2024-06-01,2024-06-01,123,152006.23,1235.82
2024-06-01,2024-07-01,110,144160.07,1310.55
2024-06-01,2024-08-01,106,166028.39,1566.31
2024-06-01,2024-09-01,103,220296.42,2138.8
2024-06-01,2024-10-01,92,139190.61,1512.94
2024-06-01,2024-11-01,77,102737.0,1334.25
2024-06-01,2024-12-01,95,136486.41,1436.7
2024-06-01,2025-01-01,72,81237.88,1128.3
2024-06-01,2025-02-01,70,100901.8,1441.45
2024-06-01,2025-03-01,71,100296.66,1412.63
2024-06-01,2025-04-01,61,127931.42,2097.24
2024-06-01,2025-05-01,53,50393.74,950.83
2024-06-01,2025-06-01,52,102012.17,1961.77
2024-06-01,2025-07-01,59,84546.17,1432.99
2024-06-01,2025-08-01,53,87228.82,1645.83
2024-06-01,2025-09-01,52,95586.3,1838.2
2024-06-01,2025-10-01,46,112995.5,2456.42
2024-06-01,2025-11-01,45,65725.7,1460.57
2024-06-01,2025-12-01,42,54113.31,1288.41
2024-07-01,2024-07-01,117,199878.18,1708.36
2024-07-01,2024-08-01,114,137925.59,1209.87
2024-07-01,2024-09-01,104,138327.31,1330.07
2024-07-01,2024-10-01,106,168952.22,1593.89
2024-07-01,2024-11-01,88,144911.59,1646.72
2024-07-01,2024-12-01,95,112307.98,1182.19
2024-07-01,2025-01-01,71,69730.34,982.12
2024-07-01,2025-02-01,70,74409.94,1063.0
2024-07-01,2025-03-01,70,145162.35,2073.75
2024-07-01,2025-04-01,58,83729.14,1443.61
2024-07-01,2025-05-01,60,75676.93,1261.28
2024-07-01,2025-06-01,48,78004.69,1625.1
2024-07-01,2025-07-01,46,72216.32,1569.92
2024-07-01,2025-08-01,44,65030.13,1477.96
2024-07-01,2025-09-01,37,88565.59,2393.66
2024-07-01,2025-10-01,24,33812.64,1408.86
2024-07-01,2025-11-01,42,42116.54,1002.77
2024-07-01,2025-12-01,28,53561.86,1912.92
2024-08-01,2024-08-01,122,196233.85,1608.47
2024-08-01,2024-09-01,113,145209.19,1285.04
2024-08-01,2024-10-01,108,125851.55,1165.29
2024-08-01,2024-11-01,91,149212.06,1639.69
2024-08-01,2024-12-01,90,117428.0,1304.76
2024-08-01,2025-01-01,96,226558.96,2359.99
2024-08-01,2025-02-01,91,139939.92,1537.8
2024-08-01,2025-03-01,72,125196.56,1738.84
2024-08-01,2025-04-01,70,92001.14,1314.3
2024-08-01,2025-05-01,65,117578.88,1808.91
2024-08-01,2025-06-01,57,102129.66,1791.75
2024-08-01,2025-07-01,50,72342.93,1446.86
2024-08-01,2025-08-01,45,61896.28,1375.47
2024-08-01,2025-09-01,40,125123.28,3128.08
2024-08-01,2025-10-01,38,54598.62,1436.81
2024-08-01,2025-11-01,29,67496.26,2327.46
2024-08-01,2025-12-01,37,55022.1,1487.08
2024-09-01,2024-09-01,97,126538.53,1304.52
2024-09-01,2024-10-01,99,123452.09,1246.99
2024-09-01,2024-11-01,113,91645.24,811.02
2024-09-01,2024-12-01,97,99090.21,1021.55
2024-09-01,2025-01-01,99,100527.1,1015.43
2024-09-01,2025-02-01,88,117101.43,1330.7
2024-09-01,2025-03-01,85,72626.6,854.43
2024-09-01,2025-04-01,74,89581.87,1210.57
2024-09-01,2025-05-01,72,94047.14,1306.21
2024-09-01,2025-06-01,63,100093.97,1588.79
2024-09-01,2025-07-01,58,81893.77,1411.96
2024-09-01,2025-08-01,53,74148.77,1399.03
2024-09-01,2025-09-01,53,65887.52,1243.16
2024-09-01,2025-10-01,37,44858.9,1212.4
2024-09-01,2025-11-01,45,50983.48,1132.97
2024-09-01,2025-12-01,42,63311.02,1507.41
2024-10-01,2024-10-01,134,258957.3,1932.52
2024-10-01,2024-11-01,125,179443.07,1435.54
2024-10-01,2024-12-01,121,154302.54,1275.23
2024-10-01,2025-01-01,115,167917.87,1460.16
2024-10-01,2025-02-01,100,172263.67,1722.64
2024-10-01,2025-03-01,94,140590.32,1495.64
2024-10-01,2025-04-01,88,181948.33,2067.59
2024-10-01,2025-05-01,74,113032.32,1527.46
2024-10-01,2025-06-01,79,148643.09,1881.56
2024-10-01,2025-07-01,79,118183.97,1496.0
2024-10-01,2025-08-01,52,68583.42,1318.91
2024-10-01,2025-09-01,63,93346.32,1481.69
2024-10-01,2025-10-01,57,85605.09,1501.84
2024-10-01,2025-11-01,60,100741.53,1679.03
2024-10-01,2025-12-01,57,87560.51,1536.15
2024-11-01,2024-11-01,120,147714.59,1230.95
2024-11-01,2024-12-01,124,152862.05,1232.76
2024-11-01,2025-01-01,104,122625.49,1179.09
2024-11-01,2025-02-01,98,169428.9,1728.87
2024-11-01,2025-03-01,89,117016.54,1314.79
2024-11-01,2025-04-01,97,118425.73,1220.88
2024-11-01,2025-05-01,78,86598.78,1110.24
2024-11-01,2025-06-01,56,172281.14,3076.45
2024-11-01,2025-07-01,66,118819.16,1800.29
2024-11-01,2025-08-01,65,93067.88,1431.81
2024-11-01,2025-09-01,52,58142.58,1118.13
2024-11-01,2025-10-01,42,47421.57,1129.08
2024-11-01,2025-11-01,42,69340.99,1650.98
2024-11-01,2025-12-01,40,87723.64,2193.09
2024-12-01,2024-12-01,149,189172.22,1269.61
2024-12-01,2025-01-01,145,163749.67,1129.31
2024-12-01,2025-02-01,123,181088.31,1472.26
2024-12-01,2025-03-01,126,225678.38,1791.1
2024-12-01,2025-04-01,110,109275.54,993.41
2024-12-01,2025-05-01,103,121210.25,1176.8
2024-12-01,2025-06-01,88,141872.01,1612.18
2024-12-01,2025-07-01,82,95038.2,1159.0
2024-12-01,2025-08-01,88,144854.72,1646.08
2024-12-01,2025-09-01,72,87765.64,1218.97
2024-12-01,2025-10-01,70,175780.74,2511.15
2024-12-01,2025-11-01,61,90102.19,1477.09
2024-12-01,2025-12-01,65,119679.02,1841.22
2025-01-01,2025-01-01,152,233470.12,1535.99
2025-01-01,2025-02-01,140,132995.26,949.97
2025-01-01,2025-03-01,122,132658.15,1087.36
2025-01-01,2025-04-01,136,166796.67,1226.45
2025-01-01,2025-05-01,105,120363.09,1146.32
2025-01-01,2025-06-01,118,117751.27,997.89
2025-01-01,2025-07-01,93,137830.73,1482.05
2025-01-01,2025-08-01,78,114760.57,1471.29
2025-01-01,2025-09-01,85,113311.75,1333.08
2025-01-01,2025-10-01,73,145471.72,1992.76
2025-01-01,2025-11-01,66,76659.4,1161.51
2025-01-01,2025-12-01,66,120382.57,1823.98
2025-02-01,2025-02-01,173,218401.78,1262.44
2025-02-01,2025-03-01,162,228401.25,1409.88
2025-02-01,2025-04-01,160,183982.81,1149.89
2025-02-01,2025-05-01,144,167187.63,1161.03
2025-02-01,2025-06-01,133,230380.78,1732.19
2025-02-01,2025-07-01,127,136218.51,1072.59
2025-02-01,2025-08-01,118,205478.78,1741.35
2025-02-01,2025-09-01,103,116689.4,1132.91
2025-02-01,2025-10-01,97,168126.83,1733.27
2025-02-01,2025-11-01,87,104166.27,1197.31
2025-02-01,2025-12-01,93,127754.43,1373.7
2025-03-01,2025-03-01,225,346115.09,1538.29
2025-03-01,2025-04-01,195,311488.2,1597.38
2025-03-01,2025-05-01,175,234898.78,1342.28
2025-03-01,2025-06-01,169,259833.08,1537.47
2025-03-01,2025-07-01,137,185379.09,1353.13
2025-03-01,2025-08-01,148,171449.58,1158.44
2025-03-01,2025-09-01,130,221555.48,1704.27
2025-03-01,2025-10-01,117,177170.61,1514.28
2025-03-01,2025-11-01,95,99525.53,1047.64
2025-03-01,2025-12-01,109,202130.98,1854.41
2025-04-01,2025-04-01,211,287245.78,1361.35
2025-04-01,2025-05-01,191,249560.14,1306.6
2025-04-01,2025-06-01,170,212160.44,1248.0
2025-04-01,2025-07-01,164,160681.63,979.77
2025-04-01,2025-08-01,145,191235.98,1318.87
2025-04-01,2025-09-01,134,165215.45,1232.95
2025-04-01,2025-10-01,135,123613.54,915.66
2025-04-01,2025-11-01,116,147064.13,1267.79
2025-04-01,2025-12-01,101,98732.88,977.55
2025-05-01,2025-05-01,186,198877.68,1069.23
2025-05-01,2025-06-01,199,184885.31,929.07
2025-05-01,2025-07-01,169,201330.87,1191.31
2025-05-01,2025-08-01,150,223901.56,1492.68
2025-05-01,2025-09-01,116,205886.02,1774.88
2025-05-01,2025-10-01,137,155686.22,1136.4
2025-05-01,2025-11-01,129,137826.17,1068.42
2025-05-01,2025-12-01,121,123511.03,1020.75
2025-06-01,2025-06-01,185,248261.72,1341.96
2025-06-01,2025-07-01,192,237231.79,1235.58
2025-06-01,2025-08-01,166,139860.36,842.53
2025-06-01,2025-09-01,163,181460.95,1113.26
2025-06-01,2025-10-01,138,167527.68,1213.97
2025-06-01,2025-11-01,114,140445.31,1231.98
2025-06-01,2025-12-01,107,138788.01,1297.08
2025-07-01,2025-07-01,199,282178.43,1417.98
2025-07-01,2025-08-01,177,309623.66,1749.29
2025-07-01,2025-09-01,161,246176.39,1529.05
2025-07-01,2025-10-01,154,249452.42,1619.82
2025-07-01,2025-11-01,134,150928.06,1126.33
2025-07-01,2025-12-01,128,169402.67,1323.46
2025-08-01,2025-08-01,185,224962.95,1216.02
2025-08-01,2025-09-01,174,185900.94,1068.4
2025-08-01,2025-10-01,161,203626.26,1264.76
2025-08-01,2025-11-01,144,234700.47,1629.86
2025-08-01,2025-12-01,138,182760.36,1324.35
2025-09-01,2025-09-01,168,196178.53,1167.73
2025-09-01,2025-10-01,176,241899.31,1374.43
2025-09-01,2025-11-01,126,159076.97,1262.52
2025-09-01,2025-12-01,146,173869.18,1190.88
2025-10-01,2025-10-01,176,242322.41,1376.83
2025-10-01,2025-11-01,179,281371.99,1571.91
2025-10-01,2025-12-01,163,198000.28,1214.73
2025-11-01,2025-11-01,189,280175.42,1482.41
2025-11-01,2025-12-01,192,218134.6,1136.12
2025-12-01,2025-12-01,232,284620.06,1226.81
